time_period,pij_lndu_croplands_to_croplands,pij_lndu_croplands_to_flooded,pij_lndu_croplands_to_forests_mangroves,pij_lndu_croplands_to_forests_primary,pij_lndu_croplands_to_forests_secondary,pij_lndu_croplands_to_grasslands,pij_lndu_croplands_to_other,pij_lndu_croplands_to_pastures,pij_lndu_croplands_to_settlements,pij_lndu_croplands_to_shrublands,pij_lndu_croplands_to_wetlands,pij_lndu_flooded_to_croplands,pij_lndu_flooded_to_flooded,pij_lndu_flooded_to_forests_mangroves,pij_lndu_flooded_to_forests_primary,pij_lndu_flooded_to_forests_secondary,pij_lndu_flooded_to_grasslands,pij_lndu_flooded_to_other,pij_lndu_flooded_to_pastures,pij_lndu_flooded_to_settlements,pij_lndu_flooded_to_shrublands,pij_lndu_flooded_to_wetlands,pij_lndu_forests_mangroves_to_croplands,pij_lndu_forests_mangroves_to_flooded,pij_lndu_forests_mangroves_to_forests_mangroves,pij_lndu_forests_mangroves_to_forests_primary,pij_lndu_forests_mangroves_to_forests_secondary,pij_lndu_forests_mangroves_to_grasslands,pij_lndu_forests_mangroves_to_other,pij_lndu_forests_mangroves_to_pastures,pij_lndu_forests_mangroves_to_settlements,pij_lndu_forests_mangroves_to_shrublands,pij_lndu_forests_mangroves_to_wetlands,pij_lndu_forests_primary_to_croplands,pij_lndu_forests_primary_to_flooded,pij_lndu_forests_primary_to_forests_mangroves,pij_lndu_forests_primary_to_forests_primary,pij_lndu_forests_primary_to_forests_secondary,pij_lndu_forests_primary_to_grasslands,pij_lndu_forests_primary_to_other,pij_lndu_forests_primary_to_pastures,pij_lndu_forests_primary_to_settlements,pij_lndu_forests_primary_to_shrublands,pij_lndu_forests_primary_to_wetlands,pij_lndu_forests_secondary_to_croplands,pij_lndu_forests_secondary_to_flooded,pij_lndu_forests_secondary_to_forests_mangroves,pij_lndu_forests_secondary_to_forests_primary,pij_lndu_forests_secondary_to_forests_secondary,pij_lndu_forests_secondary_to_grasslands,pij_lndu_forests_secondary_to_other,pij_lndu_forests_secondary_to_pastures,pij_lndu_forests_secondary_to_settlements,pij_lndu_forests_secondary_to_shrublands,pij_lndu_forests_secondary_to_wetlands,pij_lndu_grasslands_to_croplands,pij_lndu_grasslands_to_flooded,pij_lndu_grasslands_to_forests_mangroves,pij_lndu_grasslands_to_forests_primary,pij_lndu_grasslands_to_forests_secondary,pij_lndu_grasslands_to_grasslands,pij_lndu_grasslands_to_other,pij_lndu_grasslands_to_pastures,pij_lndu_grasslands_to_settlements,pij_lndu_grasslands_to_shrublands,pij_lndu_grasslands_to_wetlands,pij_lndu_other_to_croplands,pij_lndu_other_to_flooded,pij_lndu_other_to_forests_mangroves,pij_lndu_other_to_forests_primary,pij_lndu_other_to_forests_secondary,pij_lndu_other_to_grasslands,pij_lndu_other_to_other,pij_lndu_other_to_pastures,pij_lndu_other_to_settlements,pij_lndu_other_to_shrublands,pij_lndu_other_to_wetlands,pij_lndu_pastures_to_croplands,pij_lndu_pastures_to_flooded,pij_lndu_pastures_to_forests_mangroves,pij_lndu_pastures_to_forests_primary,pij_lndu_pastures_to_forests_secondary,pij_lndu_pastures_to_grasslands,pij_lndu_pastures_to_other,pij_lndu_pastures_to_pastures,pij_lndu_pastures_to_settlements,pij_lndu_pastures_to_shrublands,pij_lndu_pastures_to_wetlands,pij_lndu_settlements_to_croplands,pij_lndu_settlements_to_flooded,pij_lndu_settlements_to_forests_mangroves,pij_lndu_settlements_to_forests_primary,pij_lndu_settlements_to_forests_secondary,pij_lndu_settlements_to_grasslands,pij_lndu_settlements_to_other,pij_lndu_settlements_to_pastures,pij_lndu_settlements_to_settlements,pij_lndu_settlements_to_shrublands,pij_lndu_settlements_to_wetlands,pij_lndu_shrublands_to_croplands,pij_lndu_shrublands_to_flooded,pij_lndu_shrublands_to_forests_mangroves,pij_lndu_shrublands_to_forests_primary,pij_lndu_shrublands_to_forests_secondary,pij_lndu_shrublands_to_grasslands,pij_lndu_shrublands_to_other,pij_lndu_shrublands_to_pastures,pij_lndu_shrublands_to_settlements,pij_lndu_shrublands_to_shrublands,pij_lndu_shrublands_to_wetlands,pij_lndu_wetlands_to_croplands,pij_lndu_wetlands_to_flooded,pij_lndu_wetlands_to_forests_mangroves,pij_lndu_wetlands_to_forests_primary,pij_lndu_wetlands_to_forests_secondary,pij_lndu_wetlands_to_grasslands,pij_lndu_wetlands_to_other,pij_lndu_wetlands_to_pastures,pij_lndu_wetlands_to_settlements,pij_lndu_wetlands_to_shrublands,pij_lndu_wetlands_to_wetlands
0,0.9727282107985994,0.0,0.0,0.0,0.0220448005770048,0.0,0.0,0.0036361027068538,0.0002272580517545,0.0,0.0013636278657873,0.0,0.8966873536596859,0.0,0.0,0.0042962587773,0.0,0.000219961325414,0.0003519707758614,0.0002419510885892,0.0002199623269583,0.0979825420461909,0.0,0.0,1.0,0.0,0.0,0.0,0.0,0.0,0.0,0.0,0.0,0.0,1.099535967170239e-05,0.0,0.9167829510369356,0.0,0.0,0.0007585478920302,1.099424316467673e-05,1.0995625145519632e-05,0.0,0.0824255158430523,0.000242768710359,0.0019753935928483,0.0,0.0,0.9123506476123484,0.0,0.0002930659512843,0.0028948035014572,0.0066151720011688,0.0002988797371947,0.0753292688933392,0.0,0.0,0.0,0.0,0.0,0.1379291445482066,0.0344821755121387,0.1034478968579179,0.7241407830817367,0.0,0.0,0.0,0.0118318754536891,0.0,0.0,0.0746702108044006,0.0048379297948463,0.4920343852955027,0.0157740623426336,0.1597114114073919,0.0105163994358905,0.2306237254656447,0.0006004710622938,0.0,0.0,0.0,0.0491336977838559,0.0001412982011448,0.0004944945388258,0.8534479665514578,0.0904246565518405,0.0041679036232905,0.0015895116872905,0.0001147921108061,0.0003826252043378,0.0,0.0,0.0495099007726749,0.0001339233098464,0.0001530523719961,0.0303603434462659,0.9154618382415214,0.0016260696276792,0.0022574549148717,0.0,0.0004579844843351,0.0,0.0,0.1130830293543182,0.0,0.0018316387144003,0.0467044503863453,0.0315963519178959,0.7385462201740022,0.0677803249687028,2.497185388624017e-05,0.0427050171000272,0.0,0.0,0.238846217947549,4.9928166065485845e-06,0.0020519570651939,0.0004044848224777,0.0005742411307191,0.0008906515051702,0.7144974657583698
1,0.920381742446268,0.0,0.0,0.0,0.0748950516528226,0.0,0.0,0.0017991222042849,0.0006747070655322,0.0,0.0022493766310919,0.0,0.7410533672291542,0.0,0.0,0.0069704801102908,0.0,0.0002971205314977,1.98094106259361e-05,0.0005150379141962,0.0001584691488453,0.2509857156553896,0.0,0.0,1.0,0.0,0.0,0.0,0.0,0.0,0.0,0.0,0.0,0.0,1.1348570762460648e-05,0.0,0.9529690671187016,0.0,0.0,0.0002723166803888,0.0,0.0,0.0,0.0467472676301471,0.0003547149222692,0.0009614292379906,0.0,0.0,0.9107720667398204,1.764854420887181e-06,0.0002382729163672,0.0021561004440132,0.0057093749966605,0.0003106445824013,0.0794956313060563,0.0,0.0,0.0,0.0,0.0,0.2568330809700163,0.2140351981978336,0.2568518873079835,0.1712277882198903,0.0428079917694914,0.0582440535347849,0.0,0.0132677361840334,0.0,0.0,0.224755772971176,0.0,0.4737472911140858,0.0118700073682527,0.0027928904326621,0.0083788825256513,0.2651874194041383,0.0004342000470439,7.235485658865058e-05,0.0,0.0,0.0912345192271,3.618384504348157e-05,0.0006151187904747,0.8276460266293785,0.0740281712854724,0.0031839915329541,0.0027494337859439,7.320702417154675e-05,0.0001281292291681,0.0,0.0,0.0537060727693686,0.0001098130693687,9.151284569413535e-05,0.027655402396943,0.91571003906363,0.0008785065791662,0.0016473170224894,0.0,0.0,0.0,0.0,0.1771552184952148,0.0,0.0045663892815474,0.0319597628520673,0.0310469172505129,0.698653304970195,0.0566184071504624,4.5330974711698325e-05,0.0335873837070728,0.0,0.0,0.2464093566927147,0.0,0.0020569807639365,0.0001410262477931,0.0006396190560136,0.0008601513659585,0.7162601511917989
2,0.9259074186075292,0.0,0.0,0.0,0.0650610590999891,0.0,0.0,0.0046314049568785,0.0020840922659695,0.0,0.0023160250696334,0.0,0.7999964333512495,0.0,0.0,0.0087145345946197,8.844096483333118e-05,0.0004703065788478,0.0,0.0003135361561531,0.0001764320268328,0.1902403163274635,0.0,0.0,1.0,0.0,0.0,0.0,0.0,0.0,0.0,0.0,0.0,0.0,1.0785679087161567e-05,0.0,0.8984184863353953,0.0,0.0,0.0003019395681982,0.0,0.0,0.0,0.1012687884173192,0.0008065495765811,0.0023016839763658,0.0,0.0,0.9101137647347094,0.0,0.0003973472347306,0.0061447632325009,0.0057681477560283,0.0003891938198942,0.0740785496691894,0.0,0.0,0.0,0.0,0.0,0.5714231378294642,0.0,0.2857194194023772,0.1428574427681586,0.0,0.0,0.0,0.0115572728542606,0.0,0.0,0.2380569151963763,0.0,0.383181948972322,0.0115571332701044,0.0069341483829994,0.0069340700861746,0.3417785112377625,0.0005439707648541,0.0003108368139388,0.0,0.0,0.0590191476154939,0.0001165687674873,0.0006604906315103,0.8618731650039055,0.0717642418231618,0.0022534516609487,0.0034581269186992,9.001643234389135e-05,0.0001260323344316,0.0,0.0,0.0428485489864705,0.0001440279008069,0.0002160492748072,0.0233866267526246,0.930758200870888,0.0012962536561154,0.0011342437915115,0.0014747307479522,0.0039336114011807,0.0,0.0,0.0911872387765456,0.0,0.003441713190922,0.0358894745574244,0.0373651336395941,0.7334440725277788,0.0932640251586019,5.373463623556002e-05,0.0392203015577839,0.0,0.0,0.2465367739493867,1.4653634808406093e-05,0.0024820006389383,0.0005860897928726,0.0007619733985941,0.0008761005300174,0.7094683718613627
3,0.6926108974753348,0.0,0.0,0.0,0.290668736350397,0.0,0.0,0.0122613488939529,0.0017835025331724,0.0002229726989694,0.0024525420481733,0.0001330743627975,0.7021071643250429,0.0,0.0,0.0227745461999455,0.0001330724179261,0.000909391823385,0.0005323070883261,0.0012864211058911,0.0023506960138848,0.2697733266628007,0.0,0.0,1.0,0.0,0.0,0.0,0.0,0.0,0.0,0.0,0.0,0.0,0.0,0.0,0.9283426041706268,0.0,0.0,0.0004254074985374,0.0,0.0,0.0,0.0712319883308357,0.0005936199207638,0.001262489150564,0.0,0.0,0.9099257527332812,8.858640547393405e-06,0.0005227492414666,0.011154804047816,0.0067017743632629,0.0014140860914023,0.0684158658108953,0.0,0.0770714957865419,0.0,0.0,0.0385461357028591,0.3082959163062962,0.0385387682545948,0.1926842112124855,0.2312166436210991,0.0385368167183169,0.0751100123978062,0.0015216549489778,0.0282420643381889,0.0,0.0,0.2259929215187764,0.0015217704408801,0.3835582511091441,0.0114131031788802,0.0060873316984963,0.0228268934295863,0.3188360093370695,0.0005520397970532,0.0006992223012663,0.0,0.0,0.080317407933735,0.0002576063319116,0.0011776588176658,0.8376904755438626,0.0708417400265232,0.0045263069903408,0.0039375422576413,8.76262965229673e-05,0.0004381495932708,0.0,0.0,0.0310554975768952,0.0001402088002154,0.0004206272567247,0.0248686129470901,0.9389058476588276,0.0026112603537826,0.0014721695166705,0.0009817110539683,0.0019636588701066,0.0,0.0,0.1713917731059957,0.0,0.0078544003438586,0.0701924416202014,0.0299422322226263,0.6571166049348277,0.0605571778484151,3.4039818020012625e-05,0.0399578795086233,0.0,0.0,0.2554089225167947,5.83517136087889e-05,0.0027777647835544,0.0008948270576224,0.0007954109272531,0.0034670534204818,0.6966057502540415
4,0.8720786239846671,0.0002874783379559,0.0,0.0,0.1207346077607012,0.0,0.0,0.004024518119332,0.0002874365904133,0.0002874513855044,0.0022998838214257,0.0,0.7865152296470302,0.0,0.0,0.0055815608627311,0.0,0.0003688121381072,0.000147528387904,0.0002458661201779,0.000737642601067,0.2064033602429823,0.0,0.0,1.0,0.0,0.0,0.0,0.0,0.0,0.0,0.0,0.0,0.0,0.0,0.0,0.9250317856234236,0.0,0.0,0.0004154692184443,0.0,0.0,0.0,0.0745527451581318,0.0005316851582198,0.0011869057272256,0.0,0.0,0.8940575806282018,0.0,0.0006911100223102,0.0103263933544447,0.0054991020450971,0.0017414031769248,0.0859658198875757,0.0,0.0,0.0,0.0,0.16666497511479,0.166672554397933,0.0,0.08333274197293,0.1875053201774015,0.1041614787877389,0.2916629295492063,0.0,0.0111752222292496,0.0,0.0,0.1446165582089899,0.0006573471211356,0.3777965637297796,0.0098601620110616,0.0170905433946127,0.0328683491802779,0.4059352541248927,0.0002588701268696,0.0003236019570681,0.0,0.0,0.0540185524718979,0.0001617983787087,0.0004853919815078,0.8705520715024005,0.0592816640833885,0.0060513787511684,0.0088666707469901,5.034962026089072e-05,0.0002853156619001,0.0,0.0,0.0288528640302504,3.356704185852715e-05,0.0,0.0275235549502703,0.9385120304548282,0.0023327733807675,0.0024095448598637,0.0,0.0030679454935267,0.0,0.0,0.1419774889907248,0.0,0.0076697412061642,0.0987795130408066,0.0285302766645352,0.550270235812018,0.1697047987922242,4.976487541344971e-05,0.0307923536513392,0.0,0.0,0.1747593383255683,0.0,0.0017637509024966,0.0003085293906103,0.0004677447645986,0.0014234460590013,0.790435072030972
5,0.9432242964038025,0.0,0.0,0.0,0.0457530802684094,0.0,0.0,0.0044684755377981,0.0005957864756236,0.0,0.0059583613143664,0.0,0.8201363374222559,0.0,0.0,0.0067600754973499,0.0,0.0010024329786712,5.141203821135097e-05,0.0001028123109514,7.710994118107723e-05,0.1718698198113791,0.0,0.0,1.0,0.0,0.0,0.0,0.0,0.0,0.0,0.0,0.0,0.0,0.0,0.0,0.9192721272888864,0.0,0.0,0.0002631813362399,0.0,0.0,0.0,0.0804646913748736,0.0005968691281457,0.0009569679818398,0.0,0.0,0.8922308404311176,0.0,0.0004783594458395,0.0046098694644977,0.002554525022503,0.000653345336912,0.0979192231891444,0.0,0.0,0.0,0.0,0.0,0.6875024761480432,0.0625015081110632,0.1875048692906882,0.0,0.0,0.0624911464502053,0.0,0.0269046876755855,0.0,0.0,0.1816184732509418,0.0021240458871647,0.3952938514252292,0.0056640077212684,0.0014160810995033,0.0042480425362978,0.3827308104040089,0.0001435496601737,0.0009474272326588,0.0,0.0,0.0393724898649199,0.0001435424623255,0.0003158185010429,0.9077174526458086,0.04375158770328,0.0030431445257069,0.0045649874040833,6.545825739043959e-05,0.0005890889283646,0.0,0.0,0.0291438359532921,1.636400295800265e-05,0.0002127363478037,0.0267054616359396,0.9400597269233568,0.0010799910887649,0.0021273368621297,0.0,0.0169488162625342,0.0,0.0,0.1726552368073694,0.0,0.0135020840395821,0.0511275654741135,0.0399294242012155,0.5963693202305231,0.1094675529846618,1.3390960194131003e-05,0.0223959174156739,0.0,0.0,0.1430077719211789,8.926813751528093e-06,0.0020125740296668,0.0001651201985061,0.0004105867240904,0.0009683789653424,0.8310173329715955
6,0.9129195655003915,0.0,0.0,0.0,0.0799419919602943,0.0,0.0002855625814774,0.0017129799372207,0.0002855325226253,0.0,0.0048543674979905,0.0,0.7604615432819565,0.0,0.0,0.008606221088973,0.0,0.000691318695157,0.0003190525431355,0.0008773414228877,0.0008241849044551,0.2282203380634349,0.0,0.0,1.0,0.0,0.0,0.0,0.0,0.0,0.0,0.0,0.0,0.0,0.0,0.0,0.9523218825196116,0.0,0.0,0.0003404187471015,0.0,0.0,0.0,0.0473376987332869,0.0004610114536282,0.0021017976307518,0.0,0.0,0.8970923160074326,0.0,0.000475144365401,0.0044368818357104,0.0043033310872264,0.0005775046547352,0.0905520129651141,0.0,0.0454524590456863,0.0,0.0,0.0454555887302467,0.0909045135529876,0.0909054386601472,0.5454551167687975,0.0909063292717857,0.0,0.0909205539703487,0.0,0.0234775442874042,0.0,0.0,0.1823234488989134,0.0,0.3492103009144239,0.0064186845778563,0.017828901009424,0.0071321980098591,0.4136089223021188,0.0003055808732431,0.0002222310945331,0.0,0.0,0.0846896116644635,2.7778282854890996e-05,0.0006945031305831,0.8583080581828338,0.0457238109055019,0.0056390791969146,0.0043893466690716,6.600619527976412e-05,0.0001485260222835,0.0,0.0,0.0285322795425819,0.0,0.0001485203273707,0.0296210874377796,0.936433848712342,0.0018151959546066,0.0032345358077558,0.0007069528726153,0.005302398452811,0.0,0.0,0.0919036633925358,0.0,0.0067162954674029,0.0466576771312419,0.0328728635701004,0.6945910633367803,0.121249085776512,5.511415313293112e-05,0.031895302515815,0.0,0.0,0.1770809710186338,3.937113978492065e-06,0.001921062423813,0.0003857588547299,0.0003936109132328,0.0005116986271764,0.7877525443794875
7,0.8955921235236907,0.0002885064213553,0.0,0.0,0.083929604063262,0.0,0.0,0.009517555985993,0.0017304533934464,0.0011535911822249,0.0077881654300275,0.0,0.7911983490611646,0.0,0.0,0.015431581217581,0.0,0.0010300541275354,0.0002377088444585,0.0008452455238024,0.0005018447834371,0.1907552164420207,0.0,0.0,1.0,0.0,0.0,0.0,0.0,0.0,0.0,0.0,0.0,0.0,1.191568173190039e-05,0.0,0.9226929610168754,0.0,0.0,0.00019060401579,0.0,1.1915609399537087e-05,0.0,0.0770926036762032,0.0005216972350499,0.0021991613162884,0.0,0.0,0.9061414640217634,7.874510427820422e-06,0.0002174085237305,0.0079706733278179,0.0039397065915349,0.0019804588264822,0.0770215556469048,0.0,0.0,0.0,0.0,0.0,0.7499429542092791,0.0,0.0,0.0,0.0,0.2500570457907209,0.0,0.0487672104393075,0.0,0.0,0.2340112697271088,0.0,0.2968038147345328,0.0285075814643109,0.0097520269224415,0.0082509072974097,0.3739071894148886,0.0007941175777286,0.000255258399714,0.0,0.0,0.0483431725325086,5.672206899665436e-05,0.0004538143451639,0.8916997234957894,0.047222629128643,0.0083097199882545,0.0028648424632009,0.0001478402101788,0.0001807111988312,0.0,0.0,0.026201296020801,0.0,0.0001971339399501,0.0289509599764889,0.9396239889446292,0.0034167141964539,0.0012813555126666,0.0003638947158181,0.0040031181190656,0.0,0.0,0.125172366266739,0.0,0.0047307263331351,0.0454860720768589,0.0560400447810892,0.7034307311803102,0.0607730465269836,7.364019124272422e-05,0.0535374137206949,0.0,0.0,0.1878607088514352,1.1507884549156305e-05,0.0019203426430745,0.0016119551868861,0.0008477135061771,0.0013348930076366,0.7528018250083035
8,0.9143778792870444,0.0,0.0,0.0,0.0695752061370501,0.0,0.0,0.0078775214206349,0.0017506848754431,0.0008751929854843,0.0055435152943429,0.0,0.8075855331325743,0.0,0.0,0.0087099433183766,0.0,0.0009308019358709,0.0001329571056863,0.0003545800872364,0.0002880787001531,0.1819981057201021,0.0,0.0,1.0,0.0,0.0,0.0,0.0,0.0,0.0,0.0,0.0,1.221060039111492e-05,1.221163829011786e-05,0.0,0.9299308325135688,0.0,0.0,0.0001099016368112,0.0,0.0,0.0,0.0699348436109385,0.000704442657402,0.0028198379677978,0.0,0.0,0.9063429110072512,0.0,0.000276669137169,0.0091132582653043,0.0039498352758808,0.0019767424850652,0.0748163032041295,0.0,0.0833303072128966,0.0,0.0,0.0833570650935409,0.3333255639272216,0.0833390866034733,0.1666607811594715,0.0833305314409467,0.0833282776615714,0.0833283869008778,0.0,0.0616686740380325,0.0,0.0,0.1511751237039975,0.0009067685460745,0.3349829905152993,0.0181374578184325,0.0244847623760236,0.0126966072958556,0.3959476157062843,0.001240849898146,0.0001978636551094,0.0,0.0,0.0368037722681604,2.6401164288527274e-05,0.0004488443635396,0.9086181155930996,0.04277063732139,0.0046466069640034,0.0052469087722627,0.0001631475646673,0.000293679786856,0.0,0.0,0.0118480619896899,0.0,3.262933868441259e-05,0.0215850483874826,0.9619660211515788,0.002659306459884,0.0014521053211568,0.0007848854267236,0.0112521605482574,0.0,0.0,0.0968060977233768,0.0,0.0034016119239165,0.1316047686882246,0.0470944484991306,0.6606504470823138,0.0484055801080564,6.002112046039221e-05,0.0480546604821095,0.0,0.0,0.1586165092347857,2.400751399696117e-05,0.0017629250159807,0.0014684587703364,0.00060868812253,0.0015944242037984,0.7878103055360016
9,0.9338617701589904,0.0,0.0,0.0,0.0426013230690525,0.0,0.0,0.0151303086268192,0.0019613900368138,0.0008405260713104,0.0056046820370134,0.0,0.8144758887441345,0.0,0.0,0.0100509466954455,3.997110552299028e-05,0.0015191231503171,0.0003797743836269,0.0003597691398152,0.0012991877350619,0.1718753390460757,0.0,0.0,1.0,0.0,0.0,0.0,0.0,0.0,0.0,0.0,0.0,0.0,1.2511553171375864e-05,0.0,0.9287712871081756,0.0,0.0,0.000100080680336,0.0,1.2512906608191938e-05,0.0,0.0711036077517088,0.0006705726695833,0.0019508403489467,0.0,0.0,0.9033351449756732,5.98808019671798e-06,0.000291323662179,0.0079800928780591,0.0033288826945386,0.0014468839308009,0.080990270760022,0.0,0.0,0.0,0.0,0.0,0.5833445763399672,0.0,0.0833278088474811,0.0833534387057025,0.1666499202545186,0.0833242558523306,0.0,0.0657022523805002,0.0,0.0,0.141059934067735,0.0,0.3511382162243612,0.0096614445025821,0.0048306042030225,0.0231878751025628,0.4044196735192358,0.0012830179902104,0.0006052154752638,0.0,0.0,0.0343615022015718,9.683393970070866e-05,0.0005083900002452,0.9099583925750376,0.0389756642353299,0.0058099888926368,0.0084009946900032,0.0001270295540234,0.000492263947197,0.0,0.0,0.0109245451517476,1.5878885698688086e-05,0.0001587913033295,0.0270418225307841,0.9558544761763031,0.0031439911647376,0.0022412012861784,0.0,0.0093003194724396,0.0,0.0,0.0737033278221993,0.0,0.0032553693878379,0.1339189961671713,0.0464998015781767,0.6472577323707588,0.0860644532014162,6.002376008895893e-05,0.0348388867657905,0.0,0.0,0.1429285439027723,1.2006612111905676e-05,0.0018992207932198,0.0005442200011751,0.0006242226578477,0.002620969769597,0.8164719057373966
10,0.9303053239517544,0.0002670361869,0.0,0.0,0.0461955578315641,0.0,0.0,0.0114819509715812,0.0010680477691634,0.0010681680342157,0.0096139152548208,0.0,0.8090199590887105,0.0,0.0,0.0223183776437164,3.953694978247349e-05,0.0017787563920986,0.000415048204681,0.000869593255288,0.000711552034352,0.1648471764313709,0.0,0.0,1.0,0.0,0.0,0.0,0.0,0.0,0.0,0.0,0.0,0.0,1.2790417344636808e-05,0.0,0.9362644525437068,0.0,0.0,0.0002046317013942,0.0,0.0,0.0,0.0635181253375543,0.0003692338139358,0.002509921059105,0.0,0.0,0.9149011585306104,0.0,0.0002686574151316,0.004431619838582,0.0023070569222968,0.0010868217878035,0.0741255306325344,0.0,0.1500037919525322,0.0,0.0,0.0,0.2499747070936569,0.099996199423906,0.1000001628128441,0.0499963301571008,0.0,0.3500288085599597,0.0,0.0763672536898598,0.0,0.0,0.123527378779761,0.0017970331442321,0.356218139765627,0.0314488648414177,0.0107809041941382,0.0188673435564801,0.3809930820284838,0.0013156530532082,0.0007711984939443,0.0,0.0,0.0428174107132115,0.0001360930428759,0.0003629191650005,0.9065994399908128,0.0382659489448546,0.0053531635444792,0.0043781730516127,0.0001096183007614,0.0008768796268116,0.0,0.0,0.0199650232748436,0.0,0.0002348870068571,0.0258057477282048,0.9492027871891406,0.001487545672063,0.0023175112013176,0.000212980062222,0.0146940485973994,0.0,0.0,0.1475746750802787,0.0,0.0061758526227449,0.0672922302506644,0.0379051571274542,0.6199145134222349,0.106230542837001,0.0001037748022221,0.0368433365920739,0.0,0.0,0.1670568762080139,5.380976030390741e-05,0.0016885494617862,0.0008609324135007,0.0006148993460349,0.0011042918173959,0.7916735295986681
11,0.9289339971757836,0.0,0.0,0.0,0.0439154842484613,0.0,0.0,0.0154379242677477,0.0021293451884424,0.0,0.0095832491195648,1.9238482343582997e-05,0.7455079877713986,0.0,0.0,0.023001305389744,0.0001153971284428,0.0026157591236288,0.0007885466792411,0.0006538940987334,0.0005000705100626,0.2267978008164046,0.0,0.0,1.0,0.0,0.0,0.0,0.0,0.0,0.0,0.0,0.0,0.0,3.845322166499893e-05,0.0,0.9355588863407264,0.0,0.0,0.000243505024405,0.0,0.0,0.0,0.0641591554132037,0.0006453281434001,0.0039193891565891,0.0,0.0,0.8995531587697485,3.060560380591961e-05,0.0006039754748312,0.0153357366363567,0.0032451648735502,0.0012446231681891,0.0754220181735288,0.0,0.0,0.0,0.0,0.0,0.5517353412826125,0.1034352013887667,0.103435922193089,0.068960017980999,0.0,0.1724335171545327,0.0,0.0643281359085968,0.0,0.0,0.104857688036589,0.0052868627717437,0.3414430573449371,0.0343639107491989,0.0132172627398522,0.0185035159385923,0.4179995665104896,0.0009005359079671,0.0001575876573796,0.0,0.0,0.0294068436645121,6.75379817244724e-05,0.0001350754462141,0.918407824054226,0.0439900492884256,0.0014408196998857,0.0054937262996649,9.40070758341205e-05,0.0003289991955835,0.0,0.0,0.009541236760908,1.5666539881507395e-05,0.0002350004232444,0.0312400627562855,0.9542992858027024,0.0020993358576596,0.0021464055879005,0.0002427388284081,0.0089800278844677,0.0,0.0,0.0825187819973981,0.0,0.0021843377233717,0.1153703498244874,0.0288803397066819,0.6957255479306631,0.0660978761045216,5.8422798772351686e-05,0.0398424066580069,0.0,0.0,0.1415448096836938,3.505313438332172e-05,0.0018015716019345,0.001020466763265,0.0005279991621307,0.0007555805747155,0.8144136896230976
12,0.8884458043180267,0.0,0.0,0.0,0.0803784993216674,0.0,0.0,0.024359509307975,0.0005168917703472,0.0002584901595468,0.0060408051224366,5.8763339239377495e-05,0.8451959435629829,0.0,0.0,0.0146851271758476,0.0,0.003064541956183,0.0010969772187581,0.0005680159550844,0.0018757994859059,0.1334548313059985,0.0,0.0,1.0,0.0,0.0,0.0,0.0,0.0,0.0,0.0,0.0,0.0,0.0,0.0,0.9332845516195194,0.0,0.0,0.0006673128769267,0.0,0.0,0.0,0.066048135503554,0.0024663006333027,0.0026464247076305,0.0,0.0,0.8992905595608709,0.0,0.0005484734601121,0.0176997967535873,0.0029915663505149,0.0017347570269594,0.0726221215070219,0.0,0.0357122783587556,0.0,0.0,0.0,0.2857055880243169,0.0178560363080168,0.0714285348207988,0.0535698103054814,0.0357154150112703,0.50001233717136,0.0,0.0929533048439297,0.0,0.0,0.0749612772608865,0.0029982266618422,0.3550166135967298,0.0247358559866705,0.0164907618343986,0.0277342656195341,0.4051096941960084,0.0023446559460437,0.0002930859977836,0.0,0.0,0.0435742217610292,0.0010550375049869,0.0004689205948508,0.9029476928758616,0.0392315947527202,0.0052553854844898,0.0048294050822339,0.0001080730172088,0.0003550924533547,0.0,0.0,0.0075189424009002,6.175785917420705e-05,0.0001543923838514,0.0319750603444271,0.9564830190840162,0.0017909245154112,0.0015527379416559,0.0017876912291668,0.0048526336076966,0.0,0.0,0.0771248449276828,0.0,0.0030647153795484,0.0950020178373695,0.0166001730749608,0.7387412064546519,0.062826717488923,0.0001704420400964,0.0490727306950323,0.0,0.0,0.1283865321334343,1.893822147741804e-05,0.0023311711337409,0.0015416063150565,0.0006476465850646,0.0014433869302856,0.8163875459458118
13,0.8168349468847421,0.0,0.0,0.0,0.1543765244786131,0.0,0.0,0.0248246918318898,0.0010430764943377,0.000834477902524,0.0020862824078932,0.0,0.8209466157792122,0.0,0.0,0.0102007321740584,1.737570010792553e-05,0.0023796526707626,0.0004344442552452,0.0002432725951913,0.0007298182806818,0.1650480885447403,0.0,0.0,1.0,0.0,0.0,0.0,0.0,0.0,0.0,0.0,0.0,0.0,0.0,0.0,0.9506215457592524,0.0,0.0,0.0004300335868133,0.0,0.0,0.0,0.048948420653934,0.0013264675775305,0.0023390636519819,0.0,0.0,0.9240625188713398,8.654880934427533e-06,0.0004889664132264,0.0108139343812679,0.0023413645551627,0.001150486829899,0.057468542838657,0.0,0.0,0.0,0.0,0.0120481589203237,0.5783099631888228,0.1927739042859785,0.0120474822856822,0.1686736538181947,0.0,0.036146837500998,0.0,0.0990266204068754,0.0,0.0,0.0579197743994284,0.0006227856797581,0.453099092607607,0.0130795909243177,0.0155696128185649,0.0087191032847514,0.3519634198786966,0.001126990018476,0.0007801808276346,0.0,0.0,0.0429618690631951,0.0002600654840821,0.001040308703703,0.9119770474835136,0.0339301173424292,0.0046637058436655,0.0032597152333006,9.135495477931016e-05,0.0007308513693515,0.0,0.0,0.009348984484356,6.0910282467246816e-05,0.0003958789381313,0.0283365710882549,0.9591777641270512,0.0006395150055616,0.0012181697500467,0.0017314581608025,0.0101730136101743,0.0,0.0,0.0943374930052743,0.0004328845502009,0.0106055502402278,0.082896191955634,0.0158001702184605,0.7193090863198431,0.0647141519393822,0.0001419653952583,0.0361168337663761,0.0,0.0,0.1350864818637305,1.8991353112687587e-05,0.0030496631128401,0.0010294344441578,0.0005355743483251,0.0010645134080376,0.8229565423081615
14,0.8382661135857732,0.0,0.0,0.0,0.1302503008184728,0.0,0.0,0.0236999713819298,0.0010764208577415,0.0010762677499113,0.0056309256061712,5.1616639113013145e-05,0.7771471602559701,0.0,0.0,0.0100490479695843,8.600125382867105e-05,0.003661286519279,0.0011573230659014,0.0007052508157631,0.001897153234202,0.2052451602463582,0.0,0.0,1.0,0.0,0.0,0.0,0.0,0.0,0.0,0.0,0.0,0.0,0.0,0.0,0.921649931794024,0.0,0.0,0.0005452176958799,0.0,0.0,0.0,0.0778048505100962,0.0014539350218237,0.0033045433147273,0.0,0.0,0.9222749459528342,4.31912660312283e-06,0.0006421729471123,0.0143636174115741,0.0037294296623173,0.0011502103661019,0.0530768261969058,0.0,0.0374996123416081,0.0,0.0,0.0,0.4749975429616052,0.1625012405930961,0.1374995545593784,0.1250009365895741,0.0375005282330701,0.0250005847216678,0.0004815113097561,0.1279465096430926,0.0,0.0,0.0885817943782443,0.0,0.3860453580379702,0.0350165161885035,0.0182926670224924,0.030789006785604,0.3128466366343366,0.0026704295808989,0.0013603833133765,0.0,0.0,0.0467565539558966,6.63568883728886e-05,0.001443333284168,0.8805958425022105,0.0592081007809391,0.0044813121533026,0.0034176875408346,0.0001206510109699,0.0011160487979462,0.0,0.0,0.0069980207324517,4.524263919768731e-05,0.000512777235009,0.0319733567176626,0.9564286928736913,0.00168915052652,0.0011160594665515,0.0006657292443122,0.0099863911783328,0.0,0.0,0.1254018779122153,0.0,0.0076961845574111,0.0932434609372106,0.0201930976662802,0.6768093340317349,0.0660039244725025,0.0001125804091472,0.0336519796912216,0.0,0.0,0.1613439543379767,3.105045354200371e-05,0.003002929803481,0.0007763778268258,0.0005124021810955,0.0007648902839052,0.7998038350128049
15,0.8006032051992023,0.0,0.0,0.0,0.1236360060428975,0.0,0.0,0.0541286004905369,0.0008382595455187,0.0016766516849441,0.0191172770369003,1.79093626070884e-05,0.8203803155108708,0.0,0.0,0.0120682654561625,0.0001611618369498,0.0015457862418903,0.000340208039233,0.0007162145600269,0.0009515501212304,0.1638185888710288,0.0,0.0,1.0,0.0,0.0,0.0,0.0,0.0,0.0,0.0,0.0,0.0,0.0,0.0,0.9408772053949898,0.0,0.0,0.0003488650433803,0.0,0.0,0.0,0.0587739295616298,0.0027853928985495,0.0020982820644275,0.0,0.0,0.887633525198051,2.1247592982146643e-06,0.0006788339946636,0.0142740022281611,0.0025494022008363,0.0011726083755102,0.0888058282805023,0.0,0.0500011002417468,0.0,0.0,0.0666695545712684,0.5333348813532326,0.0333324964228574,0.0500021328683027,0.0833323398039967,0.0,0.1833274947385952,0.0,0.2080014660408812,0.0,0.0,0.1028985402233596,0.0026124888121522,0.3491134563030628,0.0269978881623448,0.0108853243894825,0.0287334624775681,0.2707573735911484,0.0014824496779435,0.0009723465342432,0.0,0.0,0.0413201711310618,0.000286916464418,0.0010040822553978,0.903874558016035,0.0426085923991219,0.0032604700858895,0.0051904134358889,0.0001303889192219,0.0007533359059102,0.0,0.0,0.0077649488404047,0.0001158910260312,0.0012024059338346,0.0397657403051874,0.9468628559923984,0.0019557395719389,0.0014486935050723,0.0004604158176542,0.0158842806940997,0.0,0.0,0.0970410722887296,0.0,0.0079896944374335,0.1168793177158896,0.0356812133992077,0.6663546694634906,0.0597093361834949,0.000116082068871,0.0479963929486701,0.0,0.0,0.1197831892710871,8.805905487760132e-05,0.0031295242185358,0.000296213732779,0.0002962092944403,0.0010127468134099,0.827281582597329
16,0.8686800107999714,0.0,0.0,0.0,0.0937420098901592,0.0,0.0,0.0273215436677697,0.0018991987039376,0.0009494623565446,0.0074077745816173,3.3636342657383446e-05,0.8346620079960265,0.0,0.0,0.0125084309901406,0.0004205005502378,0.0052144719625018,0.0012782929211814,0.0008241094276664,0.0053990848459171,0.1396594649636708,0.0,0.0,1.0,0.0,0.0,0.0,0.0,0.0,0.0,0.0,0.0,0.0,1.346961246985868e-05,0.0,0.9369056449912928,0.0,0.0,0.0002155467772359,0.0,0.0,0.0,0.0628653386190015,0.001566086901668,0.0055797156005989,0.0,0.0,0.9266899003147262,1.337184005837612e-05,0.0006736857662203,0.0096925843264762,0.0020356786094454,0.0007866249172726,0.0529623517235337,0.0,0.0,0.0,0.0,0.0416659438548156,0.4687406401435057,0.0833305308428405,0.1979265331921691,0.052082746037475,0.0520908067461214,0.1041627991830724,0.0,0.2323092763308309,0.0,0.0,0.1216253863491457,0.0018195999280042,0.3835233283633972,0.0141026572112869,0.0304795633487311,0.0100090583130909,0.2061311301555128,0.0007441339331344,0.0010582560594064,0.0,0.0,0.0298250453598966,5.961628528624793e-05,0.0009241167358589,0.9284598463419186,0.0334912528328874,0.0030825379826071,0.002355194469004,0.0001294279628355,0.0008341006780774,0.0,0.0,0.0083867904841822,4.314130856241388e-05,0.0005033208729954,0.0383537325703357,0.9498943595328496,0.0012511007511962,0.0006040258389652,0.0007200398112006,0.0160831392460724,0.0,0.0,0.0645620945163592,0.0002400012037657,0.0047794906103545,0.0708055692880244,0.0180017628140188,0.7863997719113713,0.0384081305988327,0.0002885211170767,0.0344941748771093,0.0,0.0,0.1279778094344696,0.000117625838279,0.0028096216758788,0.0014981331947502,0.0004175900776299,0.0021281588635345,0.8302683649212717
17,0.8838846753687276,0.0,0.0,0.0,0.0695897113104525,0.0,0.0001846446092329,0.0173537526807579,0.0014769095057696,0.0012923680674116,0.0262179384576474,9.690480102111204e-05,0.8206824769449068,0.0,0.0,0.0157676553459951,0.0020995534503288,0.0030029521522946,0.0053387091073432,0.0027452372134591,0.015506306460381,0.1347602045242699,0.0,0.0,1.0,0.0,0.0,0.0,0.0,0.0,0.0,0.0,0.0,0.0,0.0,0.0,0.9646613413230436,0.0,0.0,0.0006660682763563,0.0,0.0,0.0,0.0346725904006002,0.0005980666876416,0.0062850590718297,0.0,0.0,0.8968620551785436,4.431024686628042e-06,0.0006492504256398,0.011039192436521,0.0012075051347851,0.0016642679660381,0.0816901720743144,0.0,0.0168073512019431,0.0,0.0,0.109133616545567,0.3529799114260482,0.0,0.1092592120530325,0.0168078469657574,0.0336206428720472,0.3613914189356044,0.0,0.177324805579072,0.0,0.0,0.1118758001070251,0.0141241740692328,0.2643220167216693,0.0479420669902794,0.0333844613973192,0.0269660777419912,0.3240605973934106,0.0005834756573881,0.001408896575963,0.0,0.0,0.0236896736302555,0.0003130980298864,0.0005835108719919,0.9296374542659096,0.0321201850916772,0.0047238626399875,0.0069398432369404,4.31501803668993e-05,0.0007335140218364,0.0,0.0,0.0049044490943598,0.0001006818946487,0.0001725875955314,0.0377105425366163,0.953444171585764,0.0015388820524996,0.0013520210383764,0.0024811372775632,0.0114653839256412,0.0,0.0,0.0678774629868015,0.0002067832274005,0.0038237078725485,0.0638172648068895,0.0277047020096424,0.7171124615568909,0.1055110963366221,0.0001209580518201,0.0368319432601428,0.0,0.0,0.0856759845851138,0.000140471758342,0.0023055678901263,0.0011274912546799,0.0004369949192092,0.001468409309017,0.8718921789715484
18,0.8559515207840691,0.0,0.0,0.0,0.0991983793776799,0.0,0.0,0.0196079882850142,0.0003883233231112,0.0011649322355931,0.0236888559945322,3.138605568385399e-05,0.7465510642036305,0.0,0.0,0.0112848772172305,0.000219717474621,0.0053109934680846,0.0014124779003867,0.007124940766436,0.0130737047134759,0.2149908382004506,0.0,0.0,1.0,0.0,0.0,0.0,0.0,0.0,0.0,0.0,0.0,0.0,0.0,0.0,0.956201906238355,0.0,0.0,0.0004092721109977,0.0,0.0,0.0,0.0433888216506473,0.0012063527652815,0.0036477447703058,0.0,0.0,0.9188156582291732,0.0,0.0006404506495878,0.0102444187446632,0.0014007117258591,0.0014170307293228,0.0626276323858063,0.0,0.0036625844422174,0.0,0.0,0.084251990319842,0.2454050568397962,0.0109875114912561,0.0769150513546814,0.0439528832981801,0.1501900607628238,0.3846348614912027,0.0,0.1673250263629276,0.0,0.0,0.0569687988359657,0.003318677221741,0.2848370663165926,0.0066371776486199,0.0154867581881154,0.0309737619352504,0.434452733490787,0.0015930046246816,0.0017954511319558,0.0,0.0,0.0553974780752022,0.0013635159776706,0.000831077530634,0.8880142521185597,0.0370707038811051,0.0053339338205566,0.008600582839634,0.000100577654552,0.0005655531126017,0.0,0.0,0.0039081258773144,0.0005028936575051,0.0002155371657974,0.0287543204187268,0.9636540847611804,0.0013937166366098,0.0009051907157121,0.0026364063669766,0.0184546880573678,0.0,0.0,0.1189800922205049,0.0004942950148546,0.0092279338454743,0.0768280151384624,0.0296581077551646,0.6145375696587765,0.1291828919424181,0.0001793536069587,0.0281189539405008,0.0,0.0,0.112393154477601,2.9282577639575768e-05,0.0021011195929704,0.000743029713644,0.0006535850175457,0.0011363325989082,0.8546451884742313
19,0.8202119050586689,0.0001955045586269,0.0,0.0,0.1215364627934441,0.0,0.0001955108432906,0.0445675621141613,0.0003909389070412,0.0013682656753121,0.0115338500494544,8.711050433215758e-05,0.7822409261453168,0.0,0.0,0.0191060752751598,0.0002261007588494,0.0089951875226231,0.0131631375192605,0.006306849110832,0.0170548128508077,0.1528198003128181,0.0,0.0,1.0,0.0,0.0,0.0,0.0,0.0,0.0,0.0,0.0,1.3353713249359513e-05,0.0,0.0,0.9507585189775578,0.0,0.0,0.0003204490413874,0.0,0.0,0.0,0.0489076782678053,0.0026744451954835,0.0017642306878437,0.0,0.0,0.9217437780601344,2.354922574670208e-06,0.0003414793753238,0.0218701076063882,0.0015118944196349,0.0017872745040078,0.0483044352286085,0.004273254726472,0.0042735867116188,0.0,0.0,0.0213696601167261,0.4401663968994479,0.1538483697869073,0.0940162054852151,0.2435880139617951,0.025643655470808,0.0128208568410094,0.0005357876406723,0.104496692986381,0.0,0.0,0.1189897338894352,0.0053577002344022,0.3654192843566854,0.0464929229721593,0.0225025397494512,0.0310748711250996,0.3051304670457133,0.0017871301983511,0.00187542263448,0.0,0.0,0.0383491412507285,0.0008761281747664,0.0009719362266361,0.923799814304232,0.025654496154785,0.0039790176184618,0.0027069134375585,7.015608904057008e-05,0.0005051498444604,0.0,0.0,0.0092187910318789,0.0002245057606435,0.0011506310583372,0.0328062800132285,0.9513940239303552,0.0031010070825934,0.0015294551894619,0.0019756590518551,0.0087374951783787,0.0,0.0,0.1299320110723309,0.0003292867117571,0.0048952290578879,0.0869502225888509,0.0467156319424662,0.6306056987830839,0.0898587656133888,0.0003505090816698,0.0337953820912909,0.0,0.0,0.1167548003655278,4.645649236764198e-05,0.0019717786130239,0.0004713916973351,0.0003254368185201,0.001083646667047,0.8452005981732174
20,0.8697639415017083,0.0012533045310881,0.0,0.0,0.0817145535793955,0.0,0.0,0.0300787796505614,0.000895180402012,0.0010741234163445,0.0152201169188899,0.0,0.8231028114261403,0.0,0.0,0.0168351587380906,7.204470514630004e-05,0.0120756710823525,0.0090594223706091,0.0007744794420693,0.0062540095766306,0.1318264026589611,0.0,0.0,1.0,0.0,0.0,0.0,0.0,0.0,0.0,0.0,0.0,0.0,0.0,0.0,0.9431912485545694,0.0,0.0,0.0001182451215346,1.3140614187023453e-05,0.0,0.0,0.0566773657097089,0.0029995653248724,0.0011530219274281,0.0,0.0,0.9306549980938132,7.053634306399558e-06,0.0002656782839105,0.0092297427414593,0.0006912134760979,0.0007806791089392,0.0542180474091727,0.0,0.0135146779763902,0.0,0.0,0.0045049983389818,0.5496316140975287,0.0707449799894544,0.1892184968595369,0.1351534705629157,0.0282202925019424,0.0090114696732496,0.0,0.0579881607794676,0.0,0.0,0.1831015334803084,0.0037410609357619,0.4217380106614096,0.0380566098886692,0.0341371682303231,0.0227896981336061,0.2384477578904539,0.0079943483398267,0.0026107766741807,0.0,0.0,0.0399271502147732,0.0004081140788726,0.0014636267828707,0.909300921319156,0.0317396877259142,0.0035710071638606,0.0029843677005451,0.0005059227015613,0.0014334438614014,0.0,0.0,0.0145414299840873,0.0002529518730725,0.0006043012980827,0.0293157055307882,0.9457071862252472,0.001742630991699,0.0058964275340599,0.0017682071703387,0.0121690766773517,0.0,0.0,0.1510340740206656,0.0001549473237546,0.011239271409557,0.0540409943110045,0.0300615029013515,0.6572447091060628,0.0822872170799134,0.0002400742628309,0.0274371562508467,0.0,0.0,0.1016335641626425,2.585549802251811e-05,0.0026360496507338,0.0005799169381472,0.0001403487308933,0.0008888402763459,0.8664181942295368
21,0.9114668527274916,0.000145084416126,0.0,0.0,0.0573691737636576,0.0,0.0,0.0181353615573233,0.0030466700970948,0.0001450597016736,0.0096917977366327,1.8468293312847213e-05,0.8892822145773005,0.0,0.0,0.0166074199835982,0.0001108127148052,0.0098824356928349,0.0059019429736853,0.0008126382981099,0.0018826112908415,0.0755014561755115,0.0,0.0,1.0,0.0,0.0,0.0,0.0,0.0,0.0,0.0,0.0,0.0,0.0,0.0,0.9656005992832434,0.0,0.0,0.0009833673781364,0.0,0.0,0.0,0.0334160333386202,0.0007325595661395,0.000516068713557,0.0,0.0,0.9545008909895388,1.408910391428621e-05,0.0010180443532406,0.0034216677767258,0.0017140293000539,0.0003522568042486,0.0377303933925812,0.0,0.0051035565578383,0.0,0.0,0.0153075231066198,0.5102075548811374,0.0561224716264023,0.3010141279853902,0.0714291868830363,0.0102050127057132,0.0306105662538622,0.0,0.0214483870909174,0.0,0.0,0.2374937331768328,0.0158034566509813,0.4866713387240362,0.0498554715497802,0.0289725427099196,0.0104887889429449,0.1492662811545873,0.0013112593655505,0.0012401797214087,0.0,0.0,0.0147365415615806,0.0003092655991635,0.0007975435740398,0.9507531823502228,0.026955323236694,0.0024864440279265,0.0014102605634132,0.0002551763510543,0.0009498702922392,0.0,0.0,0.0147015717119605,0.0006663152553732,0.0006237956454206,0.0265961651676926,0.9512734759062098,0.0017011856500659,0.0032324440199834,0.0008872648119253,0.0156320695134166,0.0,0.0,0.0706651042154651,0.0001774483368766,0.009367424271447,0.0468881266796088,0.0138415453673826,0.8022622209112876,0.04027879589259,0.0002619374144643,0.0227402039861837,0.0,0.0,0.1272683136846718,5.164712923889983e-05,0.0034363540684111,0.0009215807059188,0.0003762710675169,0.0009148983532647,0.8440287935903296
